{"cameraMode":{"drawMode":0,"name":"Shaded","section":"Shading Mode"},"sceneLighting":true,"audioPlay":false,"sceneViewState":{"showFog":true,"showMaterialUpdate":false,"showSkybox":true,"showFlares":true,"showImageEffects":true,"showParticleSystems":true},"in2DMode":false,"pivot":{"x":3.5933566093444826,"y":-1.3637441396713257,"z":0.17293092608451844},"rotation":{"x":-0.1993819773197174,"y":0.07399885356426239,"z":-0.015101580880582333,"w":-0.977007269859314},"size":5.070462703704834,"orthographic":false}